Video ID,Hinglish Text,Hindi Text,Label,Start time,End time,
e1_s1_u1,"Newton ne kaha tha:
A body will remain at rest, matlab aaram se zindagi bina kisi change ke ek direction mein peacefully chalti rahegi, unless and until koi external force acts on it.",नेव्तोन ने कहा था अ बॉडी विल रेमें ात रेस्ट मतलब आराम से ज़िन्दगी बिना किसी चेंज के एक डिरेक्क्शन में पैसफुल्ली चलती रहेगी उनलेस एंड अंटिल ान एक्सटर्नल फाॅर्स एक्ट्स ों एट |,inform,00:29,00:44,
e1_s1_u2,"Newton ne yeh bhi kaha tha:
For every action, there is an equal and opposite reaction.",नेव्तोन ने यह भी कहा था फॉर एव्री एक्शन देर इस इक्वल एंड अपोजिट रिएक्शन।,inform,01:19,01:25,
e1_s2_u1,kya hai?,क्या है?,complain,01:33,01:35,
e1_s2_u2,Chudail dikh gayi.,चुड़ैल दिख गयी |,joke,01:35,01:36,
e1_s2_u3,"Tu toh hostel jaake phir aane wali thi na, matlab achhi baat hai par itni jaldi kyon?","तू तोह हॉस्टल जाके फिर आने वाली थी ना , मतलब अछि बात है पर इतनी जल्दी क्यों?",taunt,01:36,01:40,
e1_s2_u4,"Sagi behen se kab, kyun, kahan nahi poocha jaata.","सगी बेहेन से कब, क्यों , कहाँ नहीं पूछा जाता।",advise,01:41,01:43,
e1_s2_u5,"Use kehte hain hi, hello, apna ghar jaisa hi samjho 
","उसे कहते है हाय , हेलो, अपना घर जैसा ही समझो।",joke,01:44,01:46,
e1_s2_u6,"Ok, hi...","ओके, हाय...",taunt,01:46,01:47,
e1_s2_u7,Arey hi gaya tel lene.,अरे हाय गया तेल लेने।,joke,01:48,01:50,
e1_s2_u8,"Doormat par pair rakh ke, apne pair pochh ke please.","डोरमैट पर पेअर रख के, अपने पेअर पहुँच के प्लीज।",advise,01:51,01:56,
e1_s2_u9,Hi... tu itni bheegi hui kyu hai? chhata kahan hai?,हाय... तू इतनी भीगी हुई क्यों है? छाता कहाँ पर है?,care,02:01,02:05,
e1_s2_u10,"Arey, Bombay mein kaun ullu chhata leke aata hai? Bombay mein toh log chaar paise, do aankhein aur ek sapna leke aate hain.","अरि , बॉम्बे में कोण उल्लू छाता लेके आता है? बॉम्बे में तोह लोग चार पैसे, दो आंखे और एक सपना लेके आते है।",joke,02:05,02:11,
e1_s2_u11,Bahut badhiya,बहुत बढ़िया,taunt,02:11,02:12,
e1_s2_u12,"Achha yahin par ruk, main abhi aa rahi hoon. Hilna mat.",अच्छा यहीं पर रुक मई अभी आ रही हूँ। हिलना मत।,advise,02:13,02:15,
e1_s2_u13,"Arey, swagat satkar, maana mere ghar mein aane se ghar ki raunak badh gayi hai, ghar ghar lagne laga, par aarti and all ki kya zarurat hai.","अरे, स्वागत सतकार, माना मेरे घर में आने से घर की रौनक बढ़ गयी है , घर घर लगने लगा पर आरती एंड आल की क्या जरुरत है।",joke,02:15,02:25,
e1_s2_u14,Kahan hai? Kahan hai? Kahan hai? Kahan hai? Kahan hai? Kahan hai? Kahan hai? Ladke kahan hain?,कहाँ है? कहाँ है? कहाँ है? कहाँ है? कहाँ है? कहाँ है? कहाँ है? लड़के कहाँ हैं?,emphasize,02:40,02:54,
e1_s2_u15,Nahi hai? Kamaal hai. Kya karti ho poora din ghar pe?,नहीं है? कमाल है। क्या करती हो पूरा दिन घर पे ?,doubt,02:55,03:02,
e1_s2_u16,"Startup hai, kaam karti hoon, paise kamati hoon.","स्टार्टअप है, काम करती हूँ, पैसे कमेटी हूँ।",inform,03:04,03:07,
e1_s2_u17,"Woh toh doosron ke liye na, khud ke liye kya karti ho?",वोह तोह दूसरों के लिए न खुद के लिए क्या करती हो ?,doubt,03:07,03:12,
e1_s2_u18,Hostel mein kya problem thi?,हॉस्टल में क्या प्रॉब्लम थी?,other,03:12,03:14,
e1_s2_u19,Pata hai hostel mein na dress code tha. Can you believe it?,पता है हॉस्टल में न ड्रेस कोड था। कैन यू बिलीव इट?,complain,03:14,03:17,
e1_s2_u20,"Toh theek hai na, try kar leti.","तोह ठीक है ना, टॉय कर लेती।",taunt,03:17,03:20,
e1_s2_u21,Theek hai?,ठीक है?,oppose,03:20,03:21,
e1_s2_u22,Han,हाँ,acknowledge,03:21,03:22,
e1_s2_u23,Achha chalo maan liya theek hai. But canteen wale bhaiya bhi hot nahi the na aur saat baje ka in-time. Saat baje agar room mein pahunch gayi na toh Mumbai ki nightlife bura maan jaati hai.,अच्छा चलो मान लिया ठीक है। बूत कैंटीन वाले भईया भी हॉट नहीं थे न एंड सात बजे का इनटाइम। सात बजे अगर रूम में पहुँच गयी ना तोह मुंबई की नाईट लाइफ बुरा मान जाती है।,joke,03:22,03:31,
e1_s2_u24,"Aaye haye. Mughal-e-Azam bhi coloured hogi, tere kapde kyun Kota Factory hain?",आये हाय। मुगले आज़म भी कलर्ड होगी तेरे कपड़े क्यों कोटा फैक्ट्री है ?,taunt,03:31,03:38,
e1_s2_u25,These are called formals and black makes me look thin.,डीएस आर कॉल्ड फॉर्मल्स एंड ब्लैक मैक्स मी लुक थिन।,explain,03:38,03:42,
e1_s2_u26,"Periods chal rahe hain tere? Toh tu train se kyun aayi, main flight tickets book kara deti.","पीरियड्स चल रहे है तेरे? तोह तू ट्रैन से क्यों आयी, मई फ्लाइट टिकट्स बुक करा देती।",care,03:43,03:48,
e1_s2_u27,Flight badi boring hoti hai. Aur baadal dekhne mein na sirf shuru ke dus minute mein mazza aata hai.,फ्लाइट बड़ी बोरिंग होती है। और बादल देखने में न सिर्फ सुरु के दस मिनट में मज़्ज़ा आता है।,refuse,03:48,03:52,
e1_s2_u28,Arey tu jaldi pahunch jaati na.,अरे तू जल्दी पहुँच जाती ना।,care,03:52,03:54,
e1_s2_u29,Meri life mein koi jaldi nahi hai.,मेरी लाइफ में कोई जल्दी नहीं है।,joke,03:54,03:56,
e1_s2_u30,"Mahi, tere periods chal rahe hain aur tera flow hamesha se kaafi heavy raha hai aur trains ke washroom itne unhygienic hote hain. It gets uncomfortable. Main isliye keh rahi hoon.","माही, तेरे पीरियड्स चल रहे है एंड तेरा फ्लो हमेशा से काफी हैवी रहा है और ट्रेन्स के वाशरूम इतने अनहायजनिक होते है। इट गेट्स अनकमफ्टेबल। मई इसलिए कह रही हूँ।",care,03:56,04:04,
e1_s2_u31,"TT bhi yahi keh rahi thi. Apna software upgrade karo aunty, market mein kaafi sahi products aa gaye hain, if you know where to look.","टीटी भी यही कह रही थी। अपना सॉफ्टवेयर अपग्रेड करो आंटी, मार्किट में काफी सही प्रोडक्ट्स आ गए है, इफ यू नो वेयर तू लुक।",taunt,04:04,04:12,
e1_s2_u32,"As long as tumhe marketing aur shopping mein difference samajh aaye, then why not.",अस लॉन्ग अस तुम्हे मार्केटिंग एंड शॉपिंग में डिफरेंस समझ आये देन वये नॉट।,taunt,04:25,04:31,
e1_s2_u33,"Ek minute ruk, woh teri side hai, yeh meri side hai","एक मिनट रुक, वोह तेरी साइड है यह मेरी साइड है।",inform,04:31.1,04:34.2,
e1_s2_u34,"Arey.. kya teri meri side, ab hum do jism ek wardrobe hain","अरे.. क्या तेरी मेरी साइड, अब हम दो जिस्म एक वार्डरॉब है।",joke,04:34.2,04:38.6,
e1_s2_u35,"Aisa marungi na, jism se rooh juda ho jaayegi.",ऐसा मरूंगी ना जिस्म से रूह जुदा हो जाएगी।,taunt,04:38.6,04:41.9,
e1_s2_u36,Aur ab milke na tumhara PG dhoondhenge,और अब मिलके ना तुम्हारा पीजी ढूंढेंगे।,inform,04:42.2,04:45.2,
e1_s2_u37,Subah subah,सुबह सुबह,agree,04:45.2,04:51.6,
e1_s2_u38,Toh aur kab?,तोह और कब ?,doubt,04:52.0,04:53.6,
e1_s2_u39,"Arey mujhe laga shaam, but mummy papa se door kya subah kya shaam. Arey tu parde warde band kar na, mood bana thoda.","अरे मुझे लगा शाम बट मम्मी पापा से दूर क्या सुबह क्या शाम। अरे तू परदे वरदे बंद कर ना, मूड बना थोड़ा।",joke,04:53.7,05:01.2,
e1_s2_u40,Arey yeh toh..,अरे यह तो..,complain,05:01.3,05:03.3,
e1_s2_u41,Kadha hai.,काढ़ा है।,inform,05:03.5,05:04.2,
e1_s2_u42,Mujhe laga…,मुझे लगा,other,05:04.1,05:04.8,
e1_s2_u43,"Pata hai. 19 saal ki hai tu, pehle kuch aisa kar to le jiska gham mitaya jaaye.",पता है। १९ साल की है तू पहले कुछ ऐसा कर तो ले जिसका गम मिटाया जाये।,taunt,05:05.0,05:09.9,
e1_s2_u44,Achha weekend par kya kar rahe hain hum?,अच्छा वीकेंड पर क्या कर रहे है हम ?,other,05:10.5,05:13.3,
e1_s2_u45,Kapde dhoyenge.,कपड़े धोयेंगे।,plan,05:13.3,05:14.0,
e1_s2_u46,Arey yaar…,अरे यार,complain,05:14.2,05:16.9,
e1_s3_u1,Parathe? Itni door se parathe khane aayi hoon?,पराठे? इतनी दूर से पराठे खाने आयी हूँ?,complain,05:17.0,05:24.4,
e1_s3_u2,Kuch aur order karte hain na jo Indore mein nahi milta.,कुछ और ऑर्डर करते है ना जो इंदौर में नहीं मिलता।,plan,05:24.4,05:27.4,
e1_s3_u3,"Main bahar ka nahi khati, I cook for myself.","मे बहार का नहीं खाती, आई कुक फॉर माय सेल्फ।",inform,05:27.3,05:30.8,
e1_s3_u4,"Haan, baad mein pakana, abhi butter daal chal.","हां, बाद में पकाना, अभी बटर दाल चल।",joke,05:30.4,05:34.4,
e1_s3_u5,"Arey apne aap ko roko mat aunty, behne do, kyunki ghar ka butter butter nahi, better butter hota hai.",अरे अपने आप को रोको मत आंटी बहेने दो क्योंकि घर का बटर बटर नहीं बेटर बटर होता है।,joke,05:34.2,05:49.0,
e1_s3_u6,"I think I can be a comedian. Samjha na, woh school mein tha na “Betty bought some butter.""",आई थिंक आई कैन बी अ कॉमेडियन। समझा ना वो स्कूल में था ना बेटी बोटर बाउट सम बटर।,joke,05:48.5,05:55.5,
e1_s3_u7,Aage ka kya socha hai?,आगे का क्या सोचा है?,other,05:57.9,06:00.2,
e1_s3_u8,"Arey ja rahi hoon haath dhone, peeche hi pad gayi.","अरे जा रही हूँ हाथ धोने, पीछे ही पढ़ गई।",complain,06:00.2,06:03.0,
e1_s3_u9,Arey future ka.,अरे फ्यूचर का।,explain,06:02.9,06:04.6,
e1_s3_u10,Oh! Future ka future mein sochenge.,ओह ! फ्यूचर का फ्यूचर में सोचेंगे।,joke,06:04.4,06:08.8,
e1_s3_u11,"Filhaal toh I just want to explore. I want to make out with every course, date every class, tab tak jab tak I don’t find the course jisse mummy papa se milaya ja sake kehke yeh rahi aapki beti ki hone wali degree.","फ़िलहाल तो आई जस्ट वांट टू एक्स्प्लोर। आई वांट तो मेक आउट विद एवरी कोर्स, डेट एवरी क्लास, तब तक जब तक आई डोंट फाइंड दी कोर्स, जिससे मम्मी पापा से मिलाया जा सके कहके यह रही आपकी बेटी की होने वाली डिग्री।",explain,06:08.6,06:22.8,
e1_s3_u12,"Abhi filhaal toh drama society mein maza aa raha hai, enroll kar diya.","अभी फ़िलहाल तो ड्रामा सोसाइटी में मजा आ रहा है , एनरोल कर दिया।",inform,06:23.1,06:27.0,
e1_s3_u13,Aur rehne ka kya socha hai? College ke aas paas toh kaafi PG honge na?,और रहने का क्या सोचा है? कॉलेज के आस पास तोह काफी पीजी होंगे ना?,other,06:26.7,06:32.5,
e1_s3_u14,Plate hi chaat le.,प्लेट ही चाट ले।,taunt,06:32.2,06:36.7,
e1_s3_u15,Good idea!,गुड आईडिया!,joke,06:36.8,06:38.1,
e1_s3_u16,"Mahi, dekh tumhari harkaton ko dekh ke bilkul nahi lag raha ki tum agle hafte college shuru karne ja rahi ho. Tu cheating karke pass hui hai na.","माहि, देख तुम्हारी हरकतों को देख के बिलकुल नहीं लग रहा की तुम अगले हफ्ते कॉलेज शुरू करने जा रही हो। तू चीटिंग करके पास हुई है ना।",taunt,06:37.8,06:46.6,
e1_s3_u17,"Aur nahi toh kya, arey kya maza aata hai cheating mein? Pata hai aise dil dhak-dhak karta hai jaise you are doing something wrong.","और नहीं तो क्या, अरे क्या मज़ा आता है चीटिंग इन में ? पता है ऐसे दिल धक - धक करता है जैसे यू आर डूइंग समथिंग रॉंग।",joke,06:46.0,06:51.9,
e1_s3_u18,You are doing something wrong.,यू आर दोंग समथिंग रॉंग।,criticize,06:52.0,06:53.4,
e1_s3_u19,"Gossip layi hoon, sun le. Guess who else cheated?",गॉसिप लायी हूँ सुनले। गेस हु एल्स चीटेड ?,inform,06:53.7,06:56.8,
e1_s3_u20,Kaun?,कौन?,other,06:56.4,06:57.5,
e1_s3_u21,"Wahi hamari perfect ideal ladki representation, jiski wajah se har Monday test ke baad tumhe chappale padti thi.","वही हमारी परफेक्ट आइडियल लड़की रिप्रजेंटेशन, जिसकी वजह से हर मंडे टेस्ट के बाद तुम्हे चपले पढ़ती थी।",inform,06:57.5,07:04.1,
e1_s3_u22,What! Kanika cheated on Ranjan?,व्हॉट ! कनिका चीटेड ओन रंजन ?,confirm,07:04.1,07:07.7,
e1_s3_u23,"Apparently they were seeing a marriage counsellor, toh unke marriage counsellor ne unhe kaha ki love yourself, put yourself first.","अपेरेंटली दे वर सीइंग अ मैरिज कॉउंसलर , तो उनके मैरिज कॉउंसलर ने उन्हें कहा की लव योरसेल्फ, पुट योरसेल्फ फर्स्ट।",explain,07:07.7,07:15.6,
e1_s3_u24,Fir?,फिर?,other,07:15.2,07:16.1,
e1_s3_u25,"So,they put themselves first and slept with someone else.",सो देय पुट देम्सेल्फ़् फ़स्र्ट एंड स्लेप्त विद समवन एल्स,joke,07:16.1,07:19.5,
e1_s3_u26,Phir kya hua?,फिर क्या हुआ?,other,07:19.5,07:22.0,
e1_s3_u27,"Ab batao kisi ka ghar toot raha hai, inhe gossip chahiye. Shallow.",अब बताओ किसी का घर टूट रहा है इन्हे गॉसिप चाहिए। शैलो।,taunt,07:21.9,07:28.5,
e1_s3_u28,Ye ghar kyu basa rahi hai? Do din mein vidaai hai teri.,ये घर क्यों बसा रही है? दो दिन में विदाई है तेरी।,joke,07:38.4,07:43.3,
e1_s3_u29,"About that, main soch rahi thi ki tere paas itni jagah hai na, and considering how lonely you are, instead of having 12 cats at some point you can have me. Main aaun?","अबाउट देट, मै सोच रही थी की तेरे पास इतनी जगह है हैना एंड कंसिडरिंग हाउ लोनली यू आर इंस्टेड ऑफ़ हैविंग १२ कैट्स एट सम पॉइंट यू कैन हैव मी। मी आऊं।",joke,07:43.0,07:58.5,
e1_s3_u30,I am a dog person.,आई ऍम अ डॉग पर्सन।,joke,07:58.5,07:59.7,
e1_s3_u31,You are a lonely person. Huh.,यू अर अ लोनली पर्सन। हह।,taunt,07:59.6,08:02.5,
e1_s3_u32,Toh chalo decided hai.,तोह चलो डिसाइडेड है,other,08:02.2,08:04.8,
e1_s3_u33,Kya decided hai?,क्या डिसाइडेड है?,other,08:04.9,08:06.9,
e1_s3_u34,"Mahi, kya decided hai?","माहि , क्या डिसाइडेड है?",other,08:06.8,08:10.8,
e1_s3_u35,Ghar mein towel hai.,घर में टोलिया है।,taunt,08:10.9,08:13.0,
e1_s3_u36,Oh.,ओह।,other,08:12.8,08:14.0,
e1_s3_u37,Face ka hai.,फेस का है।,inform,08:14.0,08:16.4,
e1_s3_u38,Haath ka alag hai.,हाथ का अलग है।,other,08:16.3,08:17.6,
e1_s3_u39,Aur pair ka alag.,और पैर का अलग।,inform,08:17.4,08:19.0,
e1_s3_u40,"Matlab log insaan insaan mein farq karte hain, tumne ek hi insaan mein itne farq kar diye. Kabhi socha hai pair ke towels ko kitna bura lagega jab usko pata chalega ki woh face aur haath ke towels ke saath…",मतलब लोग इंसान इंसान में फर्क करते है तुमने एक ही इंसान में इतने फर्क कर दिए। कभी सोचा है पैर के टोलियों को कितना बुरा लगेगा जब उसको पता चलेगा की वो फेस और हाथ के तोलियो के साथ,joke,08:18.8,08:28.2,
e1_s3_u41,I just have this system in which you don’t fit.,आई जस्ट हैव दिस सिस्टम इन व्हिच यू डॉन फिट।,taunt,08:28.2,08:30.5,
e1_s3_u42,Haan towels ka caste system. Batao.,हाँ टोलियो का कास्ट सिस्टम। बताओ।,joke,08:30.4,08:33.5,
e1_s3_u43,Ab kya hua?,अब क्या हुआ?,other,08:33.6,08:36.6,
e1_s3_u44,Wrong order.,रॉंग आर्डर।,inform,08:36.6,08:38.0,
e1_s3_u45,"Really, you think this is what is wrong? This is going to be difficult.",रियली यू थिंक दिस इस व्हट इस रॉंग? दिस इस गोईंग टू बी डिफिकल्ट।,taunt,08:38.1,08:44.1,
e1_s3_u46,"Antara tum galat nahi ho, bas mujhse thodi alag ho.",अंतरा तुम गलत नहीं हो बस मुझ से थोड़ी अलग हो।,joke,08:44.0,08:48.8,
e1_s3_u47,But we’re gonna have so much fun. Roomie roomie roomie roomie roomie.,बट वी विल गोंना हैव सो मच फन। रूमी रूमी रूमी रूमी रूमी।,other,08:48.6,08:54.6,
e1_s4_u1,"Pagal ladki, knock karna nahi aata hai kya?",पागल लड़की नॉक करना नहीं आता है क्या?,criticize,08:58.3,09:00.7,
e1_s4_u2,"Tu kundi lagaya karo na Antara madam, mereko bhi jannat nahi dekhne ka hai.","तू कुंडी लगाया करो ना अंतरा मैडम, मेरेको भी जन्नत नहीं देखने का है।",taunt,09:00.6,09:03.7,
e1_s4_u3,Main akeli rehti hoon isliye nahi lagti zarurat.,मै अकेली रहती हूं इसलिए नहीं लगती जरुरत।,other,09:03.9,09:06.7,
e1_s4_u4,"Akeli rehti hoon nahi, akeli rehti thi. Gone are those days. Aur agar akeli hi rehti ho to lace wali chaddi kyu pehni hai.",अकेली रहती हूँ नहीं अकेली रहती थी। गॉन आर दोस डेज और अगर अकेली ही रहती हो तो लेस वाली चड्डी क्यों पहनी है।,taunt,09:06.6,09:13.1,
e1_s4_u5,"Mahi, I will kill you.",माहि आई विल किल यू।,complain,09:13.2,09:14.2,
e1_s4_u6,Chaddi toh pehen lo pehle.,चड्डी तोह पेहेन लो पहले।,joke,09:14.1,09:15.7,
e1_s4_u7,"Accha sun, WiFi ka password kya hai?",अच्छा सुन वाईफाई का पासवर्ड क्या है?,ask for help,09:17.4,09:20.4,
e1_s4_u8,"Okay, I will ask later, yaar.",ओके आई विल आस्क लेटर यार।,plan,09:20.4,09:23.0,
e1_s4_u9,"Yeh, I brought 2 mugs, tera wala toot gaya tha na.","यह , आई ब्रॉट २ मग्स , तेरा वाला टूट गया था ना।",other,09:23.4,09:33.0,
e1_s4_u10,Wow,वाओ,praise,09:33.0,09:35.4,
e1_s4_u11,Wow,वाओ,taunt,09:35.5,09:47.5,
e1_s4_u12,"Hi, main koi help kara deti hoon, bada kaam lag raha hai. Kya karoon?","हाय , मै कोई हेल्प करा देती हूं बड़ा काम लग रहा है। क्या करूँ?",other,09:56.6,10:01.4,
e1_s4_u13,"Nahi nahi, tu rehne de, tu kaam badha degi.",नहीं नहीं तू रहने दे तू काम बढ़ा देगी।,refuse,10:01.4,10:04.9,
e1_s4_u14,Wow,वाओ,taunt,10:05.7,10:10.1,
e1_s4_u15,"Yes, absolutely sir, that’s the roadmap for our next quarter as we’re looking at it currently.",यस ऐब्सोल्युटली सर डेट्स द रोड मैप फॉर आर नेक्स्ट क्वार्टर एस वी आर लुकिंग एट इट कर्रेंटली।,inform,10:10.1,10:16.0,
e1_s4_u16,"Mahi, poore kapde pehen na, meri video call chal rahi hai.",माहि पुरे कपड़े पेहेन ना मेरी वीडियो कॉल चल रही है।,prevent,10:17.8,10:22.2,
e1_s4_u17,"Bro, I will wear whatever the hell I want.",ब्रो आई विल वियर वटेवर द हेल आई वांट।,oppose,10:22.2,10:24.9,
e1_s4_u18,"Sir, isne neeche kuch nahi pehna.",सर इसने नीचे कुछ नहीं पहना।,joke,10:24.8,10:26.7,
e1_s4_u19,Ae.,ए,oppose,10:26.6,10:28.0,
e1_s4_u20,"Arey, mute pe toh rehti hai, kuch bol bhi liya kar.","अरे म्यूट पे तोह रहती है, कुछ बोल भी लिया कर।",taunt,10:27.8,10:30.7,
e1_s4_u21,"Yes, sir.",यस सर।,agree,10:30.9,10:32.4,
e1_s4_u22,"Toh woh usne mujhse paise maange toh maine usko hakla diya. Phir woh gaya, woh wapas...",तोह वोह उसने मुझसे पैसे मांगे तोह मैंने उसको हकला दिया। फिर वो गया वो वापस....,inform,10:32.4,10:36.7,
e1_s4_u23,"Hey guys, it’s bed time now.","हे गाइस, इट्स बेड टाइम नाउ।",inform,10:36.7,10:41.1,
e1_s4_u24,"Aap logon ke paas waise bhi ab kuch aur baatein karne ko bachi nahi hongi, kaafi der se kar rahe.","आप लोगो के पास वैसे भी अब कुछ और बाते करने को बची नहीं होंगी, काफी देर से कर रहे।",taunt,10:41.1,10:46.3,
e1_s4_u25,"Good night, guys. Good night. Good night. Good night. Good night.","गुड नाईट गाइस, गुड नाईट। गुड नाईट। गुड नाईट। गुड नाईट।",greet,10:46.4,10:51.6,
e1_s4_u26,Bye bye.,बाय बाय।,greet,10:52.5,10:55.6,
e1_s4_u27,"Bye guys, parso milte hain na, haan.","बाय गाइस परसो मिलते है ना , हां।",plan,10:55.5,10:59.0,
e1_s4_u28,"Okay, bye bye, call me.",ओके बाय बाय कॉल मी।,invite,10:58.9,11:03.0,
e1_s4_u29,"Tere paas dost nahi, iska matlab yeh nahi ki mere paas bhi nahi ho sakte. Boring. Billiyaan paal le tu.",तेरे पास दोस्त नहीं इसका मतलब यह नहीं कि मेरे पास भी नहीं हो सकते। बोरिंग। बिलियाँ पाल ले तू।,taunt,11:03.0,11:10.6,
e1_s4_u30,"Arey nahi nahi, kahe ki privacy? Uska boyfriend-vofriend nahi hai, sadi rehti hai. Uski life ki toh spark main hoon. Yeh usko pata...","अरे नहीं नहीं काहे की प्राइवेसी? उसका बॉयफ्रेंड वॉयफ्रैंड नहीं है, सड़ी रहती है। उसकी लाइफ की तोह स्पार्क मै हूँ। यह उसको पता",joke,11:10.5,11:21.1,
e1_s4_u31,"Antara, emergency, I got locked out.",अंतरा इमरजेंसी आई गोट लॉक्ड आउट।,ask for help,11:21.2,11:29.1,
e1_s4_u32,"Mahi, padosi ke ghar chali ja na tab tak.",माहि पड़ोसी के घर चली जा ना तब तक।,advise,11:29.0,11:31.2,
e1_s4_u33,"Arey pagal hai kya, mere headphones andar reh gaye hain. Tu jaldi aana.","अरे पागल है क्या, मेरे हेडफोन्स अंदर रह गए हैं। तू जल्दी आना।",refuse,11:21.2,11:34.7,
e1_s4_u34,"Mahi, client ke saath meeting hai.",माहि क्लाइंट के साथ मीटिंग है।,inform,11:34.4,11:36.1,
e1_s4_u35,"Arey mujhe susu aaya hai, yaar.",अरे मुझे सुसु आया है यार।,inform,11:36.1,11:37.6,
e1_s4_u36,"Funding ki baat chal rahi hai yahan par, band karo phone karna.",फंडिंग की बात चल रही है यहां पर बंद करो फ़ोन करना।,emphasize,11:37.5,11:39.8,
e1_s4_u37,"Tumko funding anyway nahi milni, tum aao na yaar please. Hello.",तुमको फंडिंग एनीवे नहीं मिलनी तुम आओ ना यार प्लीज। हेलो।,taunt,11:39.3,11:46.8,
e1_s4_u38,"Yaar kitna time laga diya yaar, kab se wait kar rahi hoon.",यार कितना टाइम लगा दिया यार कबसे वेट कर रही हूँ।,complain,11:46.9,11:52.9,
e1_s4_u39,Sad mat.,सड़ मत।,taunt,11:52.9,11:58.3,
e1_s4_u40,Pata hi nahi chala kaise band ho gaya.,पता ही नहीं चला कैसे बंद हो गया।,explain,11:58.3,12:01.5,
e1_s4_u41,"Tujhe kuch nahi pata chal raha hai, Mahi. Tujhe nahi pata chal raha hai, tu kaise meri space ke andar ghusi ja rahi hai bas.",तुझे कुछ नहीं पता चल रहा है माहि। तुझे नहीं पता चल रहा है तू कैसे मेरी स्पेस के अंदर घुसी जा रही है बस।,complain,12:01.6,12:07.8,
e1_s4_u42,"Okay, wow.",ओके वाओ।,other,12:08.0,12:11.0,
e1_s4_u43,"Antara, jise tu space mein ghusna keh rahi hai na, use actually efforts daalna bolte hain.",अंतरा जिसे तू स्पेस में घुसना कह रही है ना उसे एक्चुअली एफर्ट्स डालना बोलते है।,oppose,12:11.0,12:17.2,
e1_s4_u44,"Tujhe kya lagta hai, tere saath rehna itna easy hai? Nahi.",तुझे क्या लगता है तेरे साथ रहना इस इजी। नहीं।,complain,12.17.22,12:21.0,
e1_s4_u45,"But main effort daal rahi hoon, tu make this work.",बट मैँ एफर्ट डाल रही हूँ तू मेक दिस वर्क।,explain,12:21.0,12:24.5,
e1_s4_u46,Accha bata.,अच्छा बता।,ask for opinions,12:24.7,12:26.0,
e1_s4_u47,Shaant ho ja.,शांत हो जा।,comfort,12:26.0,12:27.2,
e1_s4_u48,Kya dikkat hai?,क्या दिक्कत है ?,ask for opinions,12:27.3,12:29.1,
e1_s4_u49,Bahut dikkat hai.,बहुत दिक्कत है।,complain,12:29.2,12:31.2,
e1_s4_u50,"For starters, main roz raat ko do logon ka khaana banati hoon, and tu roz bahar se order karti hai.",फॉर स्टार्टर्स मैं रोज रात को दो लोगों का खाना बनाती हूं एंड तू रोज बहार से ऑर्डर करती,explain,12:31.2,12:36.9,
e1_s4_u51,"Bas, itni si baat.","बस, इतनी सी बात।",comfort,12:36.8,12:40.2,
e1_s4_u52,Arey paise khatam ho jayenge toh band kar doongi order karna.,अरे पैसे खत्म हो जाएंगे तो बंद कर दूंगी आर्डर करना।,explain,12:40.1,12:42.9,
e1_s4_u53,"Dekh Antara, main pehli baar ghar se bahar nikli hoon. Ghar pe mummy jo banati thi woh khaana padta tha, papa jo bolte the woh karna padta tha. Kuch bhi karne se pehle permission leni padti thi. Abhi karne de thoda enjoy. Yahan reh ke maine bahut kuch karna hai.","देख अंतरा मैं पहली बार घर से बहार निकली हूं। घर पे मम्मी जो बनाती थी वो खाना पड़ता था, पापा जो बोलते थे वो करना पड़ता था। कुछ भी करने से पहले परमिशन लेनी पड़ती थी। अभी करने देना थोड़ा एंजॉय। यहाँ रहके मैंने बहुत कुछ करना है।",explain,12:42.9,12:55.7,
e1_s4_u54,Tujhe karna kya hai? What’s even your plan?,तुझे करना क्या है? व्हाट्स इवन योर प्लान।,ask for opinions,12:55.8,12:57.6,
e1_s4_u55,"I don’t have a plan, that’s the plan. And I like it that way. 
","आई डोंट हैव अ प्लान, डेट्स द प्लान। एंड आई लाइक इट दैट वे।",inform,12:57.7,13:00.6,
e1_s4_u56,Dekh maine yeh struggle dekhi hai. Yahan pe koi nahi hai.,देख मैंने ये स्ट्रगल देखी है। यहां पे कोई नहीं है।,inform,13:00.6,13:03.5,
e1_s4_u57,"Bill khud bharo, khaana khud banao, light chali jaaye toh electrician ko bulao, paani cut jaaye toh balti khud bhar ke rakho, mutual funds mein invest karo, taxes bharo, dusting karo, aur yeh sab kuch karne ke baad bhi na, saala somehow sink mein koi na koi bartan reh hi jaata hai. Yeh hoti hai adult life, Mahi.","बिल खुद भरो, खाना खुद बनाओ, लाइट चली जाए तो इलेक्ट्रीशियन को बुलाओ, पानी कट जाए तो बाल्टी खुद भर के रखो, म्युचुअल फंड्स में इन्वेस्ट करो टैक्सेज भरो, डस्टिंग करो और ये सब कुछ करने के बाद भी ना साला सम हाउ सिंक में कोई ना कोई बर्तन रह ही जाता है। यह होती है अडल्ट लाइफ माहि।",explain,13:03.5,13:19.1,
e1_s4_u58,"Bro, main bartan kar diya.",ब्रो मैं बर्तन कर दिया,other,13:19.0,13:21.1,
e1_s4_u59,"Nahi, nahi ho payega ab.","नहीं, नहीं हो पाएगा अब।",oppose,13:21.0,13:22.1,
e1_s4_u60,Tu apne liye PG dhoondh le. I will pay the rent. It’s just not the same as it was.,तू अपने लिए पीजी ढूंढ ले। आई विल पे द रेंट। इट्स इट्स जस्ट नॉट द सेम एज इट वाज।,other,13:22.0,13:26.8,
e1_s4_u61,"Oh Harry Styles, main kahin nahi ja rahi.","ओ हैरी स्टाइल्स, मै कहीं नहीं जा रही।",refuse,13:26.8,13:29.3,
e1_s4_u62,Tu hila ke dikha.,तू हिला के दिखा।,other,13:29.3,13.31.03,
e1_s4_u63,"Le, hila diya.",ले हिला दिया।,other,13:31.4,13:33.7,
e1_s4_u64,Abe haath kya lagati hai be.,अबे हाथ क्या लगाती है बे।,criticize,13:33.7,13:36.8,
e1_s4_u65,I can’t believe I missed this.,आई कांट बिलीव आई मिस्ड दिस।,taunt,14:03.8,14:10.5,
e1_s4_u66,"Tujhe chaar saal ho gaye hain ghar se gaye hue. Tu Holi, Diwali par Friday ko ghar aati thi, Saturday ko doston se milti thi, Sunday ko packing karke usi raat chali jaati thi.","तुझे चार साल हो गए है घर से गए हुए। तू होली, दिवाली पर फ्राइडे को घर आती थी, सैटरडे को दोस्तों से मिलती थी, संडे को पैकिंग करके उसी रात चली जाती थी।",other,14:10.4,14:24.7,
e1_s4_u67,Mujhe laga finally we’ll get to live together. We’ll get to be sisters again.,मुझे लगा फाइनली विल गेट टू लिव टुगेदर। विल गेट टू बी सिस्टर्स अगेन।,other,14:24.8,14:34.5,
e1_s4_u68,"But I get it, tujhe agar nahi rehna mere saath.","बट आई गेट इट, तुझे अगर नहीं रहना मेरे साथ",acknowledge,14:34.5,14:39.0,
e1_s4_u69,"Nahi rehna hai, saath mein rehna hai. Lekin...","नहीं रहना है, साथ में रहना है। लेकिन",oppose,14:39.0,14:43.1,
e1_s4_u70,"Par itne saalon se akele rehte rehte, I have also become comfortable in my own way.",पर इतने सालों से अकेले रहते रहते आई हैव ऑल्सो बिकम कम्फर्टेबल इन माय ओन वे।,explain,14:43.6,14:49.6,
e1_s4_u71,You won’t understand this.,यू वोंट अंडरस्टैंड दिस।,inform,14:49.6,14:51.5,
e1_s4_u72,Toh samjha na.,तो समझा ना।,other,14:51.5,14:52.8,
e1_s4_u73,Bachpan mein fractions bhi toh tune sikhaye the. That’s how you learnt patience.,बचपन में फ्रैक्शन भी तो तूने सिखाए थे। डेट्स हाउ यू लर्न्ट पेशेंस।,explain,14:52.6,14:56.4,
e1_s4_u74,"You tell me your way, I’ll tell you Mahi way.",यू टेल मी योर वे आईल टेल यू माहि वे।,joke,14:56.4,15:00.2,
e1_s4_u75,Accha okay. I am s..s..s... I am s... I am s...,अच्छा ओके। आई एम स..स..स। आई एम स....... आई एम स........................,apologise,15:03.2,15:18.4,
e1_s4_u76,Nahi ho raha yaar.,नहीं हो रहा यार।,inform,15:18.4,15:20.2,
e1_s4_u77,"Koi baat nahi, rehne de.",कोई बात नहीं रहने दे।,acknowledge,15:20.3,15:22.6,
e1_s4_u78,Thank God.,थैंक गॉड।,other,15:22.7,15:24.5,
e1_s4_u79,"Yeh dekh, yeh dekh, naakhun maara tune mujhe. Abhi password bata WiFi ka. Jaldi bata. Batana.",ये देख ये देख नाख़ून मारा तूने मुझे। अभी पासवर्ड बता वाईफाई का। जल्दी बता। बताना।,other,15:24.5,15:33.4,
e1_s4_u80,Mahi is adopted no space.,माहि इज अडॉप्टेड नो स्पेसेस।,inform,15:33.5,15:40.9,
e1_s4_u81,All caps huh?,ऑल कैप्स हँ ?,other,14:41.0,15:45.5,
e3_s1_u1,Mahi,माहि,other,00:04.8,00:06.4,
e3_s1_u2,"Arey main khol hi rahi thi, ab tu aa hi gayi hai to khol de.","अरे मै खोल ही रही थी, अब तू चल आ गई है तो खोल दे।",inform,00:19.5,00:25.9,
e3_s1_u3,Kya hua bhaiya.,क्या हुआ भइया।,other,00:26.0,00:29.8,
e3_s1_u4,Kuch nahi didi. Yeh lijiye.,कुछ नहीं दीदी। यह लीजिए।,inform,00:29.7,00:32.4,
e3_s1_u5,Yahan yeh bhi facility hai?,यहाँ यह भी फैसिलिटी है?,confirm,00:32.5,00:34.1,
e3_s1_u6,Arey Mahi didi ke liye kuch bhi.,अरे माहि दीदी के लिए कुछ भी।,explain,00:34.1,00:37.3,
e3_s1_u7,Aur paise?,और पैसे?,confirm,00:37.3,00:39.0,
e3_s1_u8,Mahi didi se kaise paise lenge.,माहि दीदी से कैसे पैसे लेंगे।,explain,00:39.0,00:41.3,
e3_s1_u9,Aap de dijiye na.,आप दे दीजिये ना।,explain,00:41.3,00:45.4,
e3_s1_u10,Bye Mahi didi.,बाय माहि दीदी।,greet,00:45.5,00:55.2,
e3_s1_u11,What.,व्हाट।,other,00:58.2,01:00.2,
e3_s1_u12,Cashback mila na. Transfer kar aadha.,कैशबैक मिला ना। ट्रांसफर कर आधा।,joke,01:00.1,01:02.4,
e3_s1_u13,Kya hua itni khush to mere paida hone par bhi nahi hui thi tu.,क्या हुआ इतनी खुश तो मेरे पैदा होने पर भी नहीं हुई थी तू।,joke,01:02.4,01:08.2,
e3_s1_u14,Arey wah.,अरे वाह।,other,01:08.3,01:10.5,
e3_s1_u15,Oh Lord oh.,ओह लार्ड ओह।,other,01:10.5,01:13.0,
e3_s1_u16,Congratulations.,कॉन्ग्रैचुलेशन्स।,other,01:13.1,01:14.3,
e3_s1_u17,Thank you,थैंक यू।,thank,01:14.3,01:15.5,
e3_s1_u18,Ab toh paisa hi paisa. Kya karegi itni dhan raashi ka? Hain?,अब तोह पैसा ही पैसा। क्या करेगी इतनी धन राशि का? हैं?,joke,01:15.4,01:19.8,
e3_s1_u19,"Main batati hu. Hum na ek bada sa bungalow lenge 2 BHK ka, sea facing, Shah Rukh ke bungalow ke baaju mein. Phir mujhe Aryan mil jayega aur main Khan khandaan ki bahu ban jaungi. Phir Mannat mera jannat ban jayega.","मैं बताती हु। हम ना एक बढ़ा सा बंगलो लेंगे २ बी.एच्.के का, सी फेसिंग, शाह रुख के बंगलो के बाजु में। फिर मुझे आर्यन मिल जाएगा और मैं खान खानदान कि बहु बन जाउंगी। फिर मन्नत मेरा जन्नत बन जाएगा।",joke,01:20.5,01:29.7,
e3_s1_u20,Par kya us mahal ke rajkumar ko mujh jaisi saadhaaran yet hot ladki ke liye kuch kuch hoga? Arey bilkul hoga yaar.,पर क्या उस महल के राजकुमार को मुझ जैसी साधारण येट हॉट लड़की के लिए कुछ कुछ होगा? अरे बिलकुल होगा यार।,joke,01:29.6,01:35.3,
e3_s1_u21,"Accha sun na mujhe apni company mein saath rakh le. Main teri spokesperson ban jaungi, tu processor main speaker, tu Steve main Jobs. Kya bolti hai.","अच्छा सुन ना मुझे अपनी कंपनी में साथ रखले। मै तेरी स्पोकसपर्सन बन जाउंगी तू प्रोसेसर मैं स्पीकर , तू स्टीव मै जॉब्स। क्या बोलती है।",joke,01:35.4,01:42.0,
e3_s1_u22,Tujhe chaprasi na rakhoon.,तुझे चपरासी ना रखूं।,joke,01:42.0,01:43.9,
e3_s1_u23,"Dekh rahe ho Vinod, kaise paise aate hi apno ko paraya kar diya jata hai. Main bata rahi hu, sage hi apne...","देख रहे हो विनोद, कैसे पैसे आते ही अपनों को पराया कर दिया जाता है। मैं बता रही हु सगे ही अपने......",joke,01:43.9,01:49.6,
e3_s1_u24,Arey yaar sun to sahi,अरे यार सुन तो सही,other,01:49.6,01:51.4,
e2_s1_u1,Chappal tair rahi hai.,चप्पल तैर रही है।,Joke,00:21.0,00:24.1,
e2_s1_u2,Tair to rahi hai.,तैर तो रही है।,Confirm,00:25.3,00:27.0,
e2_s1_u3,Kaise?,कैसे?,Doubt,00:27.4,00:28.9,
e2_s1_u4,Sapna hai yaar,सपना है यार,Explain,00:29.5,00:31.8,
e2_s1_u5,Hum dono ek hi sapna kaise dekh rahe hain?,हम दोनों एक ही सपना कैसे देख रहे हैं?,Doubt,00:33.0,00:36.2,
e2_s1_u6,Mahi!,माही !,Other,00:51.0,00:53.2,
e2_s2_u1,Mujhe laga tha F seal laga ke pipe ko jod ke tik jayega,मुझे लगा था फ सील लगा के पाइप को जोड़ के टिक जायेगा,Other,01:03.2,01:08.5,
e2_s2_u2,"Hence proved ye DIY videos utne hi useless hote hain jitne ki strapless bras, bilkul unreliable",हेन्स प्रूव्ड ये दी आई वाए वीडियोस उतने ही यूज़लेस होते है जितने की स्ट्रैपलेस ब्रास। बिलकुल उँड़ेलाईअबेल,Complain,01:08.2,01:14.2,
e2_s2_u3,Honi ko kaun taal sakta hai?,होनी को कौन टाल सकता है?,Other,01:17.9,01:20.9,
e2_s2_u4,Chal ab paani bhar gaya hai to baal geele karke Chak Dhoom Dhoom pe reel banate hain na,चल अब पानी भर गया है तो बाल गीले करके चक धूम धूम पे रील बनाते है ना,Other,01:21.0,01:24.9,
e2_s2_u5,Tip Tip Barsa Pani'? 'Ghanan Ghanan'? Three words? Four words? Hindi? English?,टिप टिप बरसा पानी? घनन घनन ? ३ वर्ड ४ वर्ड? हिंदी इंग्लिश?,Ask for opinions,01:25.7,01:31.1,
e2_s2_u6,Pocha laga jaldi kar meri ek inversor ke saath meeting hai,पोछा लगा जल्दी कर मेरी एक इन्वेस्टर के साथ मीटिंग है,Inform,01:32.1,01:35.0,
e2_s2_u7,Mai nikal gayi na to yaha tairti rehna paani ke andar,मै निकल गयी ना तो यहाँ तैरती रहना पानी के अंदर,Taunt,01:35.1,01:38.1,
e2_s2_u8,"Accha. To mai bhi nikalti hu, aake figure out karte hai","अच्छा। तो मई भी निकलती हु, आके फिगर आउट करते है।",Taunt,01:38.2,01:41.5,
e2_s2_u9,"Bada saath me rehna tha na? Kar na, saath me saaf","बड़ा साथ में रहना था ना? कर ना , साथ में साफ़।",Taunt,01:43.0,01:48.0,
e2_s2_u10,Are! ye mera trouser hai,अरे! ये मेरा ट्रॉउज़र है,Warn,01:51.0,01:54.6,
e2_s2_u11,Ye pehenke meeting me jaati hai? Tabhi mai sochu funding kyu nahi mil rahi,ये पहनके मीटिंग में जाती है? तभी मैं सोचु फंडिंग क्यों नहीं मिल रही,Taunt,01:54.5,01:58.1,
e2_s2_u12,Hello! Investors project pe focus karte hai pants pe nahi,हेलो! इन्वेस्टर्स प्रोजेक्ट पे फोकस करते है पैन्ट्स पे नहीं,Inform,01:57.8,02:01.0,
e2_s2_u13,To problem project me hai?,तो प्रॉब्लम प्रोजेक्ट में है?,Other,02:00.8,02:01.9,
e2_s2_u14,Comfort important hai!,कम्फर्ट इम्पोर्टेन्ट है!,Emphasize,02:05.5,02:06.9,
e2_s2_u15,Tu! Tu hai meri problem! Aur ye kya bol rahi? kya kar rahi hai? Mahi pocha laga na,तू! तू है मेरी प्रॉब्लम ! और ये क्या बोल रही है? क्या कर रही है? माहि पोछा लगा ना,Other,02:07.6,02:11.3,
e2_s2_u16,Mai kyu lagau pocha? Jiski galti hai wo lagae,मै क्यों लागू पोछा? जिसकी गलती है वो लगाए,Refuse,02:11.2,02:14.1,
e2_s2_u17,Accha to fir meri galti hai?,अच्छा तो फिर मेरी गलती है?,Other,02:13.5,02:15.7,
e2_s2_u18,Wo nahi mujhe pata par meri nahi hai,वो नहीं मुझे पता पर मेरी नहीं है।,Oppose,02:15.4,02:17.4,
e2_s2_u19,To fir kiski galti hai? Kon zimmedaari lega?,तो फिर किसकी गलती है? कोन ज़िम्मेदारी लेगा?,Other,02:17.1,02:20.3,
e2_s2_u20,Are landlord ko call karo to bolta hai secretary se baat karo,अरे लैंडलॉर्ड को कॉल करो तो बोलता है सेक्रेटरी से बात करो,Complain,02:20.2,02:23.8,
e2_s2_u21,Secretary ko call karo to kehra hai landlord se permission lo,सेक्रेटरी को कॉल करो तो केहरा है लैंडलॉर्ड से परमिशन लो,Complain,02:23.9,02:26.4,
e2_s2_u22,Aur is ringa ringa roses se nikal ke jab maine khud plumber ko bulaya to wo aaya hi nahi,और इस रिंगा रिंगा रोसेस से निकालके जब मैंने खुद प्लम्बर को बुलाया तो वो आया ही नहीं,Complain,02:26.0,02:30.5,
e2_s2_u23,To mai kya karu? Mai doob jaau?,तो मै क्या करू? मै डूब जाऊ?,Other,02:30.3,02:33.0,
e2_s2_u24,Call kar. Pooch usse kyu nahi aaya abhi tak?,कॉल कर। पूछ उससे क्यों नहीं आया अभी तक?,Other,02:34.5,02:37.7,
e2_s2_u25,Birthday party me bula rahi hai kya? Thoda dhamka na,बर्थडे पार्टी में बुला रही है क्या? थोड़ा धमका ना,Advise,02:54.8,02:58.1,
e2_s2_u26,Hello? Haan bhaiya! Agar aap nahi aaya na to bhaiya aap bata do fir aap kitne baje tak aaoge,हेलो? हाँ भइया ! अगर आप नहीं आये ना तो भइया आप बता दो फिर आप कितने बजे तक आओगे,Other,02:59.5,03:06.1,
e2_s2_u27,Meri baggi mera ghora jo na bole wo,मेरी बग्गी मेरा घोरा जो ना बोले वो,Joke,03:15.2,03:17.8,
e2_s2_u28,"203 se call kar rahi hu. Itne call kiye aapko, aaye kyu nahi aap?","२०३ से बात कर रही हु। इतने कॉल किये आपको, आये क्यों नहीं आप?",Complain,03:19.7,03:23.5,
e2_s2_u29,Are madam ham aaye the. 4 baje. 4 tho ghanti bhi bajaye the,अरे मैडम हम आये थे। ४ बजे। चार ठो घंटी भी बजाये थे,Other,03:23.2,03:28.8,
e2_s2_u30,Accha? To mujhe sunayi kyu nahi diya?,अच्छा? तो मुझे सुनाई क्यों नहीं दिया?,Doubt,03:28.1,03:32.4,
e2_s2_u31,Ye kya excuse hota hai ki ghanti bajata raha? Bajate rehte jab tak mai kholti nahi,ये क्या एक्सक्यूज़ होता है की घंटी बजता रहा? बजाते रहते जब तक मई खोलती नहीं,Complain,04:12.9,04:17.8,
e2_s2_u32,"Haan aao abhi aao, haan, jaldi aao","हाँ आओ अभी आओ, हाँ, जल्दी आओ",Arrange,04:18.4,04:20.9,
e2_s2_u33,"Aa raha hai, aa raha hai, bola maine","आ रहा है, आ रहा है, बोला मैंने",Inform,04:20.9,04:24.2,
e2_s2_u34,Now you know why I am the favourite child,नाउ यू नो व्हाई आई ऍम डा फेवरेट चाइल्ड,Confirm,04:27.0,04:29.7,
e2_s2_u35,"Dedh ghante mein meri meeting hai, periods ka second day hai, heavy flow hai","डेढ़ घंटे में मेरी मीटिंग है, पीरियड्स का सेकेंद दे है, हैवी फ्लो है",Complain,04:30.2,04:33.6,
e2_s2_u36,Aur lagataar abhi teen ghante baith kar mujhe ek unreasonable aadmi ki illogical baatein bade muskura kar sunni hain taaki wo meri company mein invest kar sake,और लगातार अभी तीन घंटे बैठ कर मुझे एक अनरीसनेबल आदमी की इल्लोजीकल बाते बड़े मुस्कुराकर सुन्नी है ताकि वो मेरी कंपनी में इन्वेस्ट कर सके,Complain,04:33.6,04:41.1,
e2_s2_u37,"And now thanks to you, I am late","एंड नाउ थैंक्स तू यू, आई ऍम लेट",Criticize,04:41.0,04:43.2,
e2_s2_u38,"Haan to main sambhaal lungi na, tu ja, ro kya rahi hai?","हाँ तो मई संभाल लुंगी ना, तू जा, रो क्या रही है?",Other,04:43.4,04:47.2,
e2_s2_u39,"Waise aisa hi chalta raha na, to tere illogical unreasonable investors kabhi tujhe funding nahi denge","वैसे ऐसा ही चलता रहा ना , तो तेरे इल्लॉजिकल अनरीसोनेबल इन्वेस्टर्स कभी तुझे फंडिंग नहीं देंगे",Inform,04:50.1,04:56.4,
e2_s2_u40,Matlab?,मतलब ?,Doubt,04:55.5,04:57.1,
e2_s2_u41,"Matlab, plumber ho ya investor tu hamesha backfoot pe khelti hai","मतलब, प्लम्बर हो या इन्वेस्टर तू हमेशा बैकफुट पे खेलती है",Explain,04:58.3,05:02.3,
e2_s2_u42,Kyon jhel rahi hai koi bhi leakage jab solution saamne hai?,क्यों झेल रही है कोई भी लीकेज जब सलूशन सामने है?,Other,05:02.4,05:05.0,
e2_s2_u43,"Nal tapak raha hai to landlord ke peeche pad, fix kara","नल टपक रहा है तो लैंडलार्ड के पीछे पढ़ , फिक्स करा",Advise,05:05.2,05:07.9,
e2_s2_u44,Periods ka heavy flow day hai to Whisper Hygiene Comfort use kar,पीरियड्स का हैवी फ्लो डे है तो व्हिस्पर हाइजीन कम्फर्ट उसे कर,Advise,05:07.9,05:12.1,
e2_s2_u45,Aur isse kya hoga?,आउर इससे क्या होगा?,Doubt,05:11.9,05:13.4,
e2_s2_u46,"Bataai hui baatein yaad nahi rehti, then you wonder why I am the smarter one",बताई हुई बाते याद नही रहती देन यू वंडर व्हाई आई ऍम डा स्मार्टर वन,Taunt,05:13.2,05:16.2,
e2_s2_u47,Isme three smart layer hai jo odor aur leakage dono ko block karta hai,इसमें थ्री स्मार्ट लेयर है जो ओडोर और लीकेज दोनों को ब्लॉक करता है,Explain,05:16.1,05:19.9,
e2_s2_u48,Aur isse meri problem solve ho jayegi?,और इससे मेरी प्रॉब्लम सोल्वे हो जाएगी?,Doubt,05:19.9,05:21.9,
e2_s2_u49,"Aunty, pad aur pant dono comfortable rahenge tabhi to periods se dimaag hatke pitch pe jayega","आंटी, पेड और पैंट दोनों कम्फर्टेबल रहेंगे तभी तो पीरियड्स से दिमाग हटके पिच पे जायेगा",Explain,05:21.6,05:26.6,
e2_s3_u1,"Main pant pehen kar aati hu, aise bahar jaana accha nahi lagta","मै पैंट पहन कर आती हु, ऐसे बहार जाना अच्छा नहीं लगता",Leave,05:37.5,05:41.2,
e2_s3_u2,"Ae be careful, bahut paani hai",ऐ बी केयरफुल बहुत पानी है,Warn,05:41.5,05:43.1,
e2_s3_u3,Nahi paani hai,नहीं पानी है,Refuse,05:43.2,05:44.2,
e2_s3_u4,Are bahut paani hai,अरे बहुत पानी है,Emphasize,05:44.0,05:45.1,
e2_s3_u5,What the hell is going on over here?,व्हाट डा हेल इस गोइंग ऑन ओवर हेर ?,Criticize,05:57.4,06:01.0,
e2_s3_u6,Are ma’am wo bathroom ki..,अरे मैम वो बाथरुम की..,Explain,06:02.0,06:03.9,
e2_s3_u7,"I don’t want to hear it, sab dikh rahi hai","आई डोंट वांट तो हिअर इट , सब दिख रही है",Criticize,06:05.1,06:07.8,
e2_s3_u8,Kya dikh rahi hai?,क्या दिख रही है?,Doubt,06:07.7,06:09.2,
e2_s3_u9,Yahi sab,यही सब,Other,06:09.1,06:10.3,
e2_s3_u10,Kya sab?,क्या सब?,Doubt,06:10.2,06:12.3,
e2_s3_u11,Akki society mein paani nahi hai aur tum logon ne yahan pe swimming pool bana ke rakhe hain?,अक्की सोसाइटी में पानी नहीं है और तुम लोगो ने यहाँ पे स्विमिंग पूल बना के रखे है?,Complain,06:16.2,06:23.6,
e2_s3_u12,Plan to nahi kiya tha par bathroom ki pipe phat gayi,प्लान तो नहीं किया था पर बाथरूम की पाइप फट गयी,Explain,06:23.6,06:26.4,
e2_s3_u13,"Yahi problem hai tum jaise ladkiyon ki, no thoughts no planning, only complain. Highly objectionable!","यही प्रॉब्लम है तुम जैसे लड़कियों की, नो थॉट्स नो प्लैनिंग , ओनली कम्प्लेन | हाइली ऑब्जेक्शनेबल !",Criticize,06:27.4,06:33.8,
e2_s3_u14,"Tumko pata hai aaj tapakte paani ne mera neend khola, here leak, there leak, everywhere leak leak!","तुमको पता है आज टपकते पानी ने मेरा नींद खोला, हेयर लीक , डिअर लीक, एवरीव्हेर लीक लीक!",Complain,06:33.5,06:39.1,
e2_s3_u15,Kya lick?,क्या लिक?,Doubt,06:39.0,06:39.8,
e2_s3_u16,Tum jaisi objectionable ladkiyan wearing these objectionable chaddis... highly objectionable!,तुम जैसी ओब्जेक्शनेबेल लड़कियां वेअरिंग तीस ओब्जेक्शनएबल चड्ढीस। ... हाइली ऑब्जेक्शनेबल !,Criticize,06:42.6,06:47.9,
e2_s3_u17,Excuse me,एक्सक्यूज़ मी,Other,06:47.9,06:49.4,
e2_s3_u18,"Aise ulte seedhe kapdon se irresponsibility dikhta, maa",ऐसे उलटे सीधे कपड़ों से इर्रेस्पॉन्सिबिलिटी दिखता माँ,Explain,06:49.2,06:52.9,
e2_s3_u19,Shorts ka responsibility se kya connection hai?,शॉर्ट्स का रेस्पॉन्सिबिलिटी से क्या कनेक्शन है?,Other,06:52.8,06:55.9,
e2_s3_u20,Everything in this universe is connected,एवरीथिंग इन थिस यूनिवर्स इस कनेक्टेड,Explain,06:56.0,06:58.4,
e2_s3_u21,Chhota chaddis means exposure,छोटा चड्ढीस मीन्स एक्सपोज़र,Explain,06:58.3,07:01.3,
e2_s3_u22,Exposure means boys aankhen bada,एक्सपोज़र मीन्स बॉयस आँखे बड़ा,Explain,07:01.2,07:04.0,
e2_s3_u23,"That is why, shorts means short of character","दैट इस व्हाई, शॉर्ट्स मीन्स शार्ट ऑफ़ करैक्टर",Taunt,07:08.2,07:12.9,
e2_s3_u24,Aapko samajh mein bhi aa raha hai aap kya bol rahe ho?,आपको समझ में भी आ रहा है आप क्या बोल रहे हो?,Other,07:15.2,07:17.6,
e2_s3_u25,You cannot call any other woman characterless,यू केनोट कॉल एनी अदर वुमन करेक्टरलेस,Emphasize,07:18.2,07:21.6,
e2_s3_u26,In fact aap jaise log hote hain jo ki highly objectionable hote hain,इनफैक्ट आप जैसे लोग होते है जो की हाइली ऑब्जेक्शनेबल होते है।,Criticize,07:22.9,07:26.4,
e2_s3_u27,"Ma’am.. pagal hai, kuch bhi bolti hai ye, bhavnaon mein beh gayi","मैम.. पागल है, कुछ भी बोलती है ये , भावनाओ में बह गयी",Other,07:43.7,07:47.1,
e2_s3_u28,"Main tum dono ko uthake waise hi bahar nikalega jaise tum log nikalta, sambar se karipatta","मै तुम दोनों को उठाके वैसे ही बहार निकलेगा जैसे तुम लोग निकलता, सांभर से करीपत्ता",Warn,07:52.8,08:01.0,
e2_s3_u29,"Damages bhi dena hoga, deposit bhi nahi milega. You dekh, abhi sabko batati hai!","डैमेजिस भी देना होगा, डिपाजिट भी नही मिलेगा। यू देख, अभी सबको बताती है!",Other,08:02.0,08:08.1,
e2_s3_u30,Main bhi sabko bata dungi,मै भी सबको बता दूंगी,Other,08:07.9,08:09.5,
e2_s3_u31,Tum kya bataegi ji?,तुम क्या बताएगी जी?,Other,08:10.7,08:13.4,
e2_s3_u32,Aapki flatmate ke baare mein,आपकी फ्लॅटमेट के बारे में,Other,08:13.3,08:15.0,
e2_s3_u33,Kamalanayani ke baare mein,कमलनयनी के बारे में,Other,08:14.9,08:17.3,
e2_s3_u34,kaun?,कौन?,Doubt,08:17.3,08:18.3,
e2_s3_u35,"Wahi! Jiski badi badi aankh hain, chhoti si naak hai, lambi si poonch hai, inki billi.","वही! जिसकी बड़ी बड़ी आँख हैं, छोटी सी नाक है, लम्बी सी पूछ है, इनकी बिल्ली।",Joke,08:18.2,08:24.9,
e2_s3_u36,Pets are not allowed in the society,पेट्स आर नॉट अल्लोव्द इन डा सोसाइटी,Inform,08:25.7,08:28.4,
e2_s3_u37,"I mean, secret billi","आई मीन, सीक्रेट बिल्ली",Other,08:27.9,08:31.7,
e2_s3_u38,"Ek din main seedhiyon se ja rahi thi, chewing gum chaba rahi thi, wrapper phenkne gayi to inke dustbin mein maine... cat food dekha","एक दिन मै सीढ़ियों से जा रही थी, च्युइंग गम चबा रही थी, रेपर फेकनेगयी तो इनके डस्टबिन में मैंने ... कैटफ़ूड देखा",Other,08:38.7,08:46.3,
e2_s3_u39,Tumko kaise pata wo cat ke liye hai? Mere liye bhi ho sakta na?,तुमको कैसे पता वो कैट के लिए है ? मेरे लिए भी हो सकता ना ?,Doubt,08:49.9,08:53.9,
e2_s3_u40,Aapke ghar se billi ki awaaz bhi aa rahi thi,आपके घर से बिल्ली की आवाज़ भी आ रही थी,Other,08:53.9,08:56.9,
e2_s3_u41,"It was me, crying.","इट वास् मी , क्राइंग।",Other,08:58.3,09:01.3,
e2_s3_u42,"Maine tum dono ko ek saath dekha tha, photo bhi kheechi thi","मैंने तुम दोनों को एक साथ देखा था, फोटो भी खींची थी",Inform,09:01.7,09:04.6,
e2_s3_u43,"Tumko chaddi pehen ke ghar ko Goa banana hai, banao","तुमको चड्डी पेहेन के घर को गोवा बनाना है, बनाओ",Joke,09:13.8,09:18.6,
e2_s3_u44,"No maska now, the cat is out of the bag","नो मस्का नाओ, डा कैट इस आउट ऑफ़ डा बैग",Taunt,09:21.7,09:25.0,
e2_s3_u45,"Main plumber ko bulaegi, I will talk to the secretary","मै प्लम्बर को बुलाएगी , आई विल टॉक तो थे सेक्रेटरी",Inform,09:25.3,09:29.0,
e2_s3_u46,I don’t have a problem with you,आई डोंट हैव अ प्रोबेम विथ यू,Other,09:30.9,09:33.5,
e2_s3_u47,You and I are friends,यू एंड आई आर फ्रेंड्स,Other,09:33.3,09:34.5,
e2_s3_u48,"You keep my secret, we keep yours. Bas.. aapko inse haath milana padega","यू कीप माय सेक्रेट, वी कीप योर्स। बस.. आपको इनसे हाथ मिलाना पड़ेगा",Advise,09:34.5,09:40.0,
e2_s3_u49,"I will shake your hand, why hers?","आई विल शेक योर हैंड, व्हाई हेर्स?",Refuse,09:44.7,09:46.8,
e2_s3_u50,Kaise kar leti hai tu yaar matlab..,कैसे कर लेती है तू यार मतलब..,Praise,10:02.2,10:05.1,
e2_s3_u51,"Play the people, not the cards",प्ले डा पीपल नॉट डा कार्ड्स,Advise,10:05.3,10:07.8,
e2_s3_u52,"Chal ab zameen pe aa ja, literally, pocha lagana hai na","चल अब ज़मीन पे आजा, लिटरली, पोछा लगाना है ना",Other,10:08.5,10:11.6,
e2_s3_u53,"Chal theek hai tu bhi kya yaad rakhegi, waise bhi teri meeting hai aur tujhe kuch nahi aata","चल ठीक है तू भी क्या याद रखेगी, वैसे भी तेरी मीटिंग है और तुझे कुछ नहीं आता।",Other,10:15.7,10:20.3,
e2_s3_u54,Meeting to maine postpone kar di hai,मीटिंग तो मैंने पोस्टपोन करदी है,Inform,10:20.5,10:22.7,
e2_s3_u55,Kyu?,क्यों?,Doubt,10:22.4,10:23.6,
e2_s3_u56,"Attack karne ke liye thoda prep karna padta hai na, defence pe nahi khelungi","अटैक करने के लिए थोड़ा प्रेप करना पड़ता है ना, डिफेन्स पे नहीं खेलूंगी।",Explain,10:24.1,10:27.6,
e2_s3_u57,Ek baadh ne itni buddhi de di?,एक बाढ़ ने इतनी बुद्धि देदी?,Taunt,10:28.3,10:30.9,
e2_s3_u58,Baadh ne nahi..,बाढ़ ने नहीं..,Other,10:30.9,10:32.9,
e2_s3_u59,"203, dekho ab main kya karti hai","२०३, देखो अब मै क्या करता है",Warn,10:51.8,10:55.1,
e4_s1_u1,Kuch uthayegi kya?,कुछ उठाएगी क्या?,Complain,00:04.5,00:05.1,
e4_s1_u2,Nahi,नहीं,Refuse,00:07.3,00:08.4,
e4_s1_u3,Kuch uthana hai to bol na,कुछ उठाना है तो बोल ना,Other,00:11.6,00:14.0,
e4_s1_u4,"Mujhe laga tujhe mehnat karna accha lagta hai, so I was doing you a favor",मुझे लगा तुझे मेहनत करना अच्छा लगता है सो आई वास् डूइंग यू आ फेवर,Other,00:14.6,00:17.6,
e4_s1_u5,"Haan haan mujhe pure ghar ka tension apne sar par lena, tere aage peeche ghoomna, bahut zyada pasand hai","हाँ हाँ मुझे पुरे घर का टेंशन अपने सर पर लेना, तेरे आगे पीछे घूमना, बहुत ज़्यादा पसंद है",Other,00:17.7,00:24.0,
e4_s1_u6,Wahi to bolai maine,वही तो बोलै मैंने,Other,00:24.0,00:26.6,
e4_s1_u7,College kaisa tha? Kuch seekha?,कॉलेज कैसा था? कुछ सीखा?,Other,00:27.7,00:29.8,
e4_s1_u8,Haan,हाँ,Other,00:29.6,00:30.6,
e4_s1_u9,Kya?,क्या?,Other,00:30.3,00:31.6,
e4_s1_u10,That I have this thing where I grow older but just never wiser,डेट आई हैव डिस थिंग वेयर आई ग्रो ओल्डर बूत जस्ट नेवर वाइसेर,Explain,00:31.7,00:34.5,
e4_s1_u11,Ye kisne sikhaya?,ये किसने सिखाया?,Other,00:34.6,00:35.7,
e4_s1_u12,Taylor,टेलर,Other,00:35.4,00:36.7,
e4_s1_u13,Taylor kaun?,टेलर कौन?,Other,00:36.2,00:38.3,
e4_s1_u14,Swift,स्विफ्ट,Other,00:38.5,00:39.8,
e4_s1_u15,Main pooch rahi hu class mein kya seekha?,मै पूछ रही हु क्लास में क्या सीखा?,Other,00:40.3,00:42.9,
e4_s1_u16,Haan to main class mein hi thi na jab seekha. Headphone laga ke Taylor didi ko hi to sun rahi thi,हाँ तो मै क्लास में ही थी ना जब सीखा। हैडफ़ोन लगा के टेलर दीदी को ही तो सुन रही थी।,Explain,00:42.9,00:47.1,
e4_s1_u17,Tu fail hogi,तू फ़ैल होगी,Other,00:48.3,00:50.1,
e4_s1_u18,"Chance hi nahi hai, mai first bencher hu","चांस ही नहीं है, मै फर्स्ट बेंचेर हु",Oppose,00:49.6,00:52.5,
e4_s1_u19,Tum? First bencher?,तुम? फर्स्ट बेंचेर?,Doubt,00:52.0,00:54.8,
e4_s1_u20,"Haan, charging point hi waha hai","हाँ, चार्जिंग पॉइंट ही वाहा है",Joke,00:54.7,00:57.2,
e4_s1_u21,"Matlab baat sirf teen saal ki nahi hai, aage bhi mujhe hi tujhe paalna hai? Great!","मतलब बात सिर्फ तीन साल की नहीं है, आगे भी मुझे ही तुझे पालना है? ग्रेट!",Taunt,00:57.6,01:05.5,
e4_s1_u22,I thought ye understood tha,आई थॉट ये अंडरस्टुड था,Other,01:06.1,01:08.6,
e4_s1_u23,"Ek to na zara dekh ke angoor liya karo, aadhe se zyada to sade hain","एक तो ना ज़रा देख के अंगूर लिए करो, आधे से ज़्यादा तो सड़े है",Complain,01:08.6,01:12.2,
e4_s1_u24,"Bhai! Ghar to ganda karti hai, zaroori hai ki building ko bhi karo?","भाई! घर तो गन्दा करती है, ज़रूरी है की बिल्डिंग को भी करो?",Complain,01:12.0,01:16.2,
e4_s1_u25,Sabko pata hai ki that a clean building is a reflection of its responsible residents,सबको पता है की डेट आ क्लीन बिल्डिंग इस आ रिफ्लेक्शन ऑफ़ इतस रेस्पोंसिबल रेसिडेंट्स,Inform,01:16.4,01:21.3,
e4_s1_u26,"Trust me, Antara, kisi bhi interesting insaan ko ye baat nahi pata.","ट्रस्ट में अनतारा, किसी भी इंटरेस्टिंग इंसान को ये बात नहीं पता",Oppose,01:21.1,01:25.7,
e4_s1_u27,"Aunty, yahan mat aana, nahi dekha jayega tumse.","आंटी, यहाँ मत आना, नहीं देखा जाएगा तुमसे।",Taunt,01:31.1,01:36.4,
e4_s1_u28,Yaar ye to mere standard se bhi ganda hai,यार ये तो मेरे स्टैण्डर्ड से भी गन्दा है,Other,01:36.7,01:39.3,
e4_s1_u29,Kaun hai ye? Isse kuch bolna padega,कौन है ये? इससे कुछ बोलना पड़ेगा,Other,01:39.5,01:42.2,
e4_s1_u30,"Rehne de na Mahi, ghar chal","रहने दे ना माही, घर चल",Oppose,01:41.8,01:44.5,
e4_s1_u31,Are aise kaise rehne de?,अरे ऐसे कैसे रहने दे?,Emphasize,01:44.9,01:46.2,
e4_s1_u32,"Tune hi to abhi bola, ek clean building pe hi ek responsible resident apna reflection dekh sakta hai","तूने ही तो अभी बोलै, एक क्लीन बिल्डिंग पे ही एक रेस्पोंसिबल रेजिडेंट अपना रिफ्लेक्शन देख सकता है",Other,01:46.4,01:50.4,
e4_s1_u33,Tu ye baat isse bol,तू ये बात इससे बोल,Other,01:50.5,01:51.9,
e4_s1_u34,"Rehne de na Mahi, ye building mein naya aaya hai, nahi pata hoga bechare ko","रहने दे ना माहि, ये बिल्डिंग में नया आया है, नहीं पता होगा बेचारे को",Other,01:52.2,01:56.3,
e4_s1_u35,Tujhe kaise pata ye bechara hai?,तुझे कैसे पता ये बेचारा है?,Doubt,01:56.7,01:58.5,
e4_s1_u36,"Nahi yaar, this is unacceptable","नहीं यार, डिस इस उनएक्सेप्टएबल",Oppose,01:59.8,02:02.5,
e4_s1_u37,"Ae, delivery wale nahi hai hum","ऐ, डिलीवरी वाले नहीं है हम।",Oppose,02:34.1,02:36.5,
e4_s1_u38,Second floor pe rehte hai,सेकंड फ्लोर पे रहते है,Inform,02:36.3,22:37.4,
e4_s1_u39,"Tumse kuch bolna tha, Antara, bolo.","तुमसे कुछ बोलना था, अंतरा, बोल।",Other,02:37.2,02:39.9,
e4_s1_u40,Ye jo tumne kachra phaila rakha hai,ये जो तुमने कचरा फैला रखा है,Criticize,02:43.3,02:43.8,
e4_s1_u41,If you don’t mind,इफ यू डोंट माइंड,Care,02:46.2,02:47.5,
e4_s1_u42,Aise nahi chalega,ऐसे नहीं चलेगा,Refuse,02:49.3,02:51.0,
e4_s1_u43,If it’s not too much trouble,इफ इतस नॉट तू मच ट्रबल,Care,02:51.2,02:54.1,
e4_s1_u44,Hata do!,हटा दो!,Emphasize,02:54.4,02:56.2,
e4_s1_u45,Please,प्लीज,Other,02:56.3,02:57.6,
e4_s1_u46,Sure,स्योर,Other,02:59.0,03:00.4,
e4_s1_u47,Thank you,थैंक यू,Other,03:02.3,03:04.4,
e4_s2_u1,Bas kar yaar,बस कर यार,Complain,03:34.5,03:36.8,
e4_s2_u2,Kab se chal raha hai?,कब से चल रहा है?,Other,03:37.2,03:39.6,
e4_s2_u3,I have no idea what you are talking about,आई हैव नो आईडिया व्हाट यू अरे टॉकिंग अबाउट,Refuse,03:39.6,03:42.0,
e4_s2_u4,I will believe you jab tum har reflective surface pe apne aap ko nihaarna band karogi.,आई विल बेलीव यू जब तुम हर रिफ्लेक्टिव सरफेस पे अपने आप को निहारना बंद करोगी।,Other,03:42.6,03:46.7,
e4_s2_u5,"Mahi kuch bhi nahi hai, it’s nothing!","माहि कुछ भी नहीं है, इतस नथिंग !",Emphasize,03:47.6,03:50.1,
e4_s2_u6,"Accha, toh phir sabzi kharidne apni best bra pehen ke kyun gayi thi?","अच्छा, तो फिर सब्जी खरीदने अपनी बेस्ट ब्रा पेहेन के क्यों गयी थी?",Other,03:50.2,03:55.1,
e4_s2_u7,Aurat apne mann pasand aadmi ke liye hi apni best bra ghisti hai,औरत अपने मन पसंद आदमी के लिए ही अपनी बेस्ट ब्रा घिसती है,Explain,03:54.7,03:58.3,
e4_s2_u8,Tune meri bra kab dekhi?,तूने मेरी बरा कब देखि?,Other,03:58.5,04:00.4,
e4_s2_u9,Aur tu kuch bhi bol rahi hai?,और तू कुछ भी बोल रही है?,Other,03:59.8,04:01.7,
e4_s2_u10,I am a 27 year old focused girl,आई ऍम आ २७ ईयर ओल्ड फोकस्ड गर्ल,Emphasize,04:01.6,04:03.9,
e4_s2_u11,Pathetic,पैथेटिक,Criticize,04:14.8,04:16.1,
e4_s2_u12,Naam kya hai?,नाम क्या है?,Other,04:17.7,04:19.5,
e4_s2_u13,Pata nahi,पता नहीं,Other,04:19.2,04:20.8,
e4_s2_u14,Toh itne dino se bas aahein bhar rahi thi?,तो इतने दिनों से बस आहे भर रही थी?,Other,04:20.3,04:22.8,
e4_s2_u15,It’s called flirting,इतस कॉल्ड फ़्लर्टइंग,Inform,04:23.4,04:24.6,
e4_s2_u16,It’s called breathing!,इतस कॉल्ड ब्रीथिंग!,Emphasize,04:24.5,04:26.2,
e4_s2_u17,"Chalo, baat ab yahan tak pahunch hi gayi hai toh, sleeping arrangements kya hongi?","चलो, बात अब यहाँ तक पहुंच ही गयी है तो, स्लीपिंग अरेंजमेन्ट्स क्या होंगी ?",Other,04:26.3,04:31.2,
e4_s2_u18,Kya matlab?,क्या मतलब?,Doubt,04:31.1,04:32.4,
e4_s2_u19,Oh God! Did no one have “the talk” with you?,ओह गॉड! डिड नो ओने हैवे डा टॉक विथ यू?,Other,04:32.3,04:35.8,
e4_s2_u20,"Dekho Antara, jab ek ladki ladka milte hain, and if they love each other very much, aur if they are drunk, sometimes they go into a bed…","देखो अन्तरा , जब एक लड़की लड़का मिलते है, एंड इफ दे लव एच इतर वैरी मच, और इफ दे आर ड्रंक, समटाइम्स दे जो ईंटो आ बेड",Explain,04:37.8,04:46.0,
e4_s2_u21,"Mahi, shut up!",माहि शट अप!,Criticize,04:46.6,04:48.0,
e4_s2_u22,"When you get a guy over, toh main kahan soongi?","व्हेन यू गेत आ गाए ओवर, तो मई कहा सोऊंगी?",Other,04:52.1,04:54.1,
e4_s2_u23,Isliye keh rahi hoon ke bed le lete hain,इसलिए कह रही हु के बेड ले लेते है,Advise,05:01.7,05:03.5,
e4_s2_u24,Extra bed ki jagah nahi hai,एक्स्ट्रा बेड की जगह नहीं है,Inform,05:03.3,05:04.8,
e4_s2_u25,Toh bana lenge!,तो बना लेंगे !,Other,05:04.8,05:06.3,
e4_s2_u26,"Iski naubat nahi aayegi, Mahi",इसकी नौबत नहीं आएगी माहि,Emphasize,05:16.9,05:19.4,
e4_s2_u27,"Tujhpe chhod diya toh definitely nahi aayegi, toh leave it on me","तुझपे छोड़ दिया तो डेफिनिटेली नहीं आएगी, तो लीव इट ऑन मी",Taunt,05:19.7,05:23.3,
e4_s2_u28,Tu kuch nahi karegi,तू कुछ नहीं करेगी,Warn,05:22.8,05:24.8,
e4_s2_u29,Naam hai Manav,नाम है मानव,Inform,05:26.7,05:28.3,
e4_s2_u30,Abhi society group mein add hua hai,अभी सोसाइटी ग्रुप में ऐड हुआ है,Inform,05:28.7,05:32.3,
e4_s2_u31,DP mein shirtless hai,डी पी में शरट्लेस है,Inform,05:32.7,05:34.8,
e4_s2_u32,Status French mein hai,स्टेटस फ्रेंच में है,Inform,05:35.9,05:38.0,
e4_s2_u33,Aur bolu?,और बोलू?,Other,05:39.1,05:41.1,
e4_s2_u34,Society group mein pooch raha hai paani kyun nahi aa raha,सोसाइटी ग्रुप में पूछ रहा है पानी क्यों नहीं आ रहा,Inform,05:43.0,05:45.5,
e4_s2_u35,Main ek balti paani pahucha ke aati hoon,मैं एक बाल्टी पानी पंहुचा के आती हु,Arrange,05:46.4,05:48.5,
e4_s2_u36,Tu uske message ka reply kar,तू उसके मैसेज का रिप्लाई कर,Advise,05:50.0,05:51.9,
e4_s2_u37,Phir uske naam ke niche tera naam aayega,फिर उसके नाम के निचे तेरा नाम आएगा,Explain,05:52.1,05:54.7,
e4_s2_u38,"Phir woh sochega, Antara kaun hai",फिर वो सोचेगा अन्तरा कौन है,Explain,05:54.8,05:57.1,
e4_s2_u39,"Next thing you know, you both are fighting ki bacche ko kis school mein daalna hai",नेक्स्ट थिंग यू नो यू बोथ अरे फाइटिंग की बच्चे को किस स्कूल में डालना है,Explain,05:58.1,06:01.2,
